pincode,disctrict,state,past_enrolled,gender,age,name,longitude,latitude
515002,Anantapur,Andhra Pradesh,yes,Female,18,Salma Rao,77.537262,14.647857
515002,Anantapur,Andhra Pradesh,yes,Male,25,Aarav Nair,77.538588,14.646629
515002,Anantapur,Andhra Pradesh,yes,Female,24,Riya Shetty,77.538899,14.648511
515002,Anantapur,Andhra Pradesh,yes,Female,25,Sneha Gopal,77.536458,14.644777
515002,Anantapur,Andhra Pradesh,yes,Male,20,Sai Nair,77.535346,14.648986
515004,Anantapur,Andhra Pradesh,yes,Male,21,Aarav Singh,77.584313,14.702604
515002,Anantapur,Andhra Pradesh,yes,Female,18,Priya Rao,77.537671,14.64549
515001,Anantapur,Andhra Pradesh,yes,Female,24,Kiran Das,77.599178,14.677005
515002,Anantapur,Andhra Pradesh,yes,Female,22,Kiran Chatterjee,77.539752,14.64777
515002,Anantapur,Andhra Pradesh,yes,Female,24,Aarohi Sharma,77.536913,14.646884
515002,Anantapur,Andhra Pradesh,yes,Female,23,Ritika Shetty,77.535738,14.648221
515004,Anantapur,Andhra Pradesh,yes,Female,25,Aishwarya Mishra,77.585462,14.705629
515001,Anantapur,Andhra Pradesh,yes,Female,18,Preeti Rao,77.601734,14.678127
515004,Anantapur,Andhra Pradesh,yes,Male,20,Aarav Iyer,77.583192,14.702018
515631,Anantapur,Andhra Pradesh,yes,Male,22,Sameer Sharma,77.600742,14.589385
515001,Anantapur,Andhra Pradesh,yes,Female,21,Priya Singh,77.600931,14.680132
515002,Anantapur,Andhra Pradesh,yes,Female,24,Fathima Reddy,77.535283,14.645353
515004,Anantapur,Andhra Pradesh,yes,Female,20,Anjali Kumar,77.584654,14.702914
515001,Anantapur,Andhra Pradesh,yes,Female,20,Shreya Naidu,77.601622,14.678675
515004,Anantapur,Andhra Pradesh,yes,Male,18,Sunil Patel,77.585479,14.703996
515002,Anantapur,Andhra Pradesh,yes,Male,23,Harish Das,77.535168,14.647898
515631,Anantapur,Andhra Pradesh,yes,Male,18,Pranav Sharma,77.598082,14.587196
515002,Anantapur,Andhra Pradesh,yes,Female,19,Divya Pillai,77.539286,14.646671
515001,Anantapur,Andhra Pradesh,yes,Female,21,Lakshmi Gowda,77.600129,14.681305
515631,Anantapur,Andhra Pradesh,yes,Male,21,Krishna Pandey,77.597551,14.589024
301030,Alwar,Rajasthan,yes,Male,25,Rahul Singh,76.727057,27.534848
301026,Alwar,Rajasthan,yes,Male,24,Harish Babu,76.615897,27.641776
301001,Alwar,Rajasthan,yes,Female,22,Ananya Nair,76.602012,27.559855
301030,Alwar,Rajasthan,yes,Male,23,Dinesh Gopal,76.722923,27.535849
301026,Alwar,Rajasthan,yes,Male,23,Sameer Kumar,76.61513,27.64204
301026,Alwar,Rajasthan,yes,Female,24,Shreya Pillai,76.613467,27.638517
301030,Alwar,Rajasthan,yes,Male,22,Dinesh Naidu,76.725325,27.531022
301026,Alwar,Rajasthan,yes,Female,21,Preeti Kumar,76.616766,27.637923
301026,Alwar,Rajasthan,yes,Male,22,Rakesh Joshi,76.612788,27.640979
301026,Alwar,Rajasthan,yes,Female,23,Aarohi Iyer,76.614638,27.640934
301001,Alwar,Rajasthan,yes,Female,21,Poonam Kumar,76.599366,27.558513
301030,Alwar,Rajasthan,yes,Female,21,Neelima Mishra,76.724372,27.534065
301026,Alwar,Rajasthan,yes,Male,25,Irfan Reddy,76.616486,27.63985
301001,Alwar,Rajasthan,yes,Male,20,Pranav Nair,76.600818,27.556449
301026,Alwar,Rajasthan,yes,Female,18,Preeti Mishra,76.615535,27.642682
301001,Alwar,Rajasthan,yes,Female,22,Suhani Pillai,76.599266,27.555994
301030,Alwar,Rajasthan,yes,Female,22,Aishwarya Mukherjee,76.726452,27.534237
301026,Alwar,Rajasthan,yes,Female,23,Preeti Verma,76.615291,27.637937
301001,Alwar,Rajasthan,yes,Male,21,Aditya Babu,76.600578,27.555963
301001,Alwar,Rajasthan,yes,Female,21,Priya Pillai,76.601259,27.558927
301030,Alwar,Rajasthan,yes,Male,19,Sai Banerjee,76.722768,27.535393
301030,Alwar,Rajasthan,yes,Female,22,Priya Banerjee,76.725452,27.531893
301001,Alwar,Rajasthan,yes,Female,23,Neelima Chatterjee,76.60171,27.560537
301001,Alwar,Rajasthan,yes,Female,21,Neelima Reddy,76.599014,27.559536
301030,Alwar,Rajasthan,yes,Female,23,Neelima Nair,76.7236,27.533907
303303,Dausa,Rajasthan,yes,Female,24,Asmita Pandey,76.336147,26.886341
303501,Dausa,Rajasthan,yes,Male,21,Pranav Babu,76.427809,26.879116
303501,Dausa,Rajasthan,yes,Female,22,Poonam Babu,76.426258,26.879641
303004,Dausa,Rajasthan,yes,Male,21,Vihaan Gowda,76.335421,26.832876
303004,Dausa,Rajasthan,yes,Male,22,Ravi Pandey,76.33692,26.832843
303004,Dausa,Rajasthan,yes,Female,24,Sneha Gupta,76.337342,26.834105
303501,Dausa,Rajasthan,yes,Male,21,Aman Pandey,76.430181,26.87941
303303,Dausa,Rajasthan,yes,Female,21,Aishwarya Gupta,76.335792,26.890107
303004,Dausa,Rajasthan,yes,Male,24,Sunil Verma,76.333988,26.833883
303004,Dausa,Rajasthan,yes,Male,18,Rakesh Choudhary,76.337502,26.836951
303303,Dausa,Rajasthan,yes,Male,19,Akhil Iyer,76.334969,26.889914
303004,Dausa,Rajasthan,yes,Male,21,Anand Mishra,76.333956,26.835681
303501,Dausa,Rajasthan,yes,Male,19,Girish Gowda,76.429105,26.88253
303004,Dausa,Rajasthan,yes,Female,18,Ananya Gowda,76.333275,26.834129
303501,Dausa,Rajasthan,yes,Male,19,Irfan Nair,76.428989,26.879612
303501,Dausa,Rajasthan,yes,Male,19,Aarav Pillai,76.425909,26.882708
303303,Dausa,Rajasthan,yes,Female,19,Pooja Kumar,76.334794,26.887997
303501,Dausa,Rajasthan,yes,Male,21,Pranav Das,76.426742,26.880026
303004,Dausa,Rajasthan,yes,Male,21,Nikhil Meena,76.334064,26.832349
303004,Dausa,Rajasthan,yes,Female,25,Asmita Verma,76.335955,26.83541
303501,Dausa,Rajasthan,yes,Female,19,Sneha Choudhary,76.42659,26.878233
303303,Dausa,Rajasthan,yes,Female,23,Nisha Nair,76.333875,26.88923
303501,Dausa,Rajasthan,yes,Male,24,Deepak Naidu,76.426917,26.878371
303501,Dausa,Rajasthan,yes,Female,20,Ananya Choudhary,76.427984,26.878881
303501,Dausa,Rajasthan,yes,Female,22,Poonam Rao,76.428179,26.88301
625012,Madurai,Tamil Nadu,yes,Female,19,Neelima Mukherjee,78.121054,9.88302
625017,Madurai,Tamil Nadu,yes,Male,24,Sanjay Gupta,78.111319,9.965494
625017,Madurai,Tamil Nadu,yes,Female,23,Poonam Yadav,78.111073,9.965
625012,Madurai,Tamil Nadu,yes,Female,24,Preeti Nair,78.117516,9.882728
625012,Madurai,Tamil Nadu,yes,Male,21,Vivek Gupta,78.118626,9.880393
625017,Madurai,Tamil Nadu,yes,Male,20,Girish Babu,78.110549,9.96588
625017,Madurai,Tamil Nadu,yes,Female,22,Riya Pillai,78.110459,9.964316
625012,Madurai,Tamil Nadu,yes,Female,18,Sangeeta Yadav,78.117311,9.885139
625012,Madurai,Tamil Nadu,yes,Female,24,Aishwarya Choudhary,78.117487,9.881405
625017,Madurai,Tamil Nadu,yes,Female,20,Priya Meena,78.112408,9.965626
625009,Madurai,Tamil Nadu,yes,Male,19,Nikhil Mukherjee,78.144526,9.898993
625017,Madurai,Tamil Nadu,yes,Male,24,Sagar Yadav,78.112598,9.963865
625009,Madurai,Tamil Nadu,yes,Male,19,Pradeep Joshi,78.143425,9.898802
625017,Madurai,Tamil Nadu,yes,Male,20,Deepak Gowda,78.113549,9.967941
625017,Madurai,Tamil Nadu,yes,Female,19,Salma Joshi,78.111865,9.968157
625017,Madurai,Tamil Nadu,yes,Female,22,Riya Nair,78.111256,9.968666
625012,Madurai,Tamil Nadu,yes,Female,23,Suhani Pandey,78.117624,9.881841
625009,Madurai,Tamil Nadu,yes,Male,22,Ravi Banerjee,78.14427,9.89807
625003,Madurai,Tamil Nadu,yes,Male,21,Aman Das,78.095415,9.901559
625009,Madurai,Tamil Nadu,yes,Female,21,Diya Banerjee,78.143316,9.897759
625017,Madurai,Tamil Nadu,yes,Female,18,Saanvi Chatterjee,78.11474,9.965909
625009,Madurai,Tamil Nadu,yes,Male,19,Sanjay Singh,78.143463,9.901664
625017,Madurai,Tamil Nadu,yes,Male,18,Sagar Kumar,78.11376,9.965586
625009,Madurai,Tamil Nadu,yes,Male,18,Vivek Mishra,78.144603,9.897734
625017,Madurai,Tamil Nadu,yes,Female,21,Ritika Patel,78.113817,9.967811
515631,Anantapur,Andhra Pradesh,no,Male,18,Dinesh Kumar,77.600121,14.585039
515741,Anantapur,Andhra Pradesh,no,Female,22,Poonam Banerjee,77.235906,14.700336
515004,Anantapur,Andhra Pradesh,no,Female,24,Sangeeta Kumar,77.585539,14.704939
515002,Anantapur,Andhra Pradesh,no,Male,18,Aman Mishra,77.537836,14.64878
515002,Anantapur,Andhra Pradesh,no,Male,24,Pradeep Pandey,77.535975,14.64876
515631,Anantapur,Andhra Pradesh,no,Male,19,Deepak Joshi,77.598496,14.588755
515775,Anantapur,Andhra Pradesh,no,Female,19,Kiran Chatterjee,77.515917,14.995954
515002,Anantapur,Andhra Pradesh,no,Male,18,Karthik Mukherjee,77.538777,14.64568
515001,Anantapur,Andhra Pradesh,no,Female,24,Radhika Yadav,77.599318,14.679093
515661,Anantapur,Andhra Pradesh,no,Female,22,Ritika Yadav,77.767297,14.517336
515767,Anantapur,Andhra Pradesh,no,Female,19,Asmita Mishra,76.958454,14.424443
515001,Anantapur,Andhra Pradesh,no,Male,20,Sagar Pillai,77.601925,14.679647
515767,Anantapur,Andhra Pradesh,no,Male,22,Nikhil Pandey,76.957809,14.42549
515001,Anantapur,Andhra Pradesh,no,Male,22,Vivaan Patel,77.602732,14.680642
515004,Anantapur,Andhra Pradesh,no,Female,18,Asmita Singh,77.584709,14.702848
515001,Anantapur,Andhra Pradesh,no,Male,18,Vivek Patel,77.598211,14.676669
515002,Anantapur,Andhra Pradesh,no,Male,22,Akhil Yadav,77.539524,14.648452
515661,Anantapur,Andhra Pradesh,no,Male,20,Tejas Babu,77.766833,14.515389
515775,Anantapur,Andhra Pradesh,no,Female,24,Kavya Verma,77.516468,14.994981
515004,Anantapur,Andhra Pradesh,no,Male,25,Akhil Pandey,77.585411,14.70451
515763,Anantapur,Andhra Pradesh,no,Male,25,Vivaan Banerjee,77.066714,14.534842
515763,Anantapur,Andhra Pradesh,no,Male,20,Irfan Banerjee,77.067851,14.535826
515631,Anantapur,Andhra Pradesh,no,Female,25,Neelima Sharma,77.59709,14.588116
515001,Anantapur,Andhra Pradesh,no,Male,20,Pranav Naidu,77.600359,14.679997
515002,Anantapur,Andhra Pradesh,no,Male,25,Karthik Naidu,77.538109,14.644885
515741,Anantapur,Andhra Pradesh,no,Male,24,Girish Nair,77.236325,14.703897
515767,Anantapur,Andhra Pradesh,no,Male,23,Aman Nair,76.955456,14.425267
515631,Anantapur,Andhra Pradesh,no,Female,21,Lakshmi Patel,77.601903,14.588868
515455,Anantapur,Andhra Pradesh,no,Female,20,Saanvi Choudhary,77.752535,15.083806
515763,Anantapur,Andhra Pradesh,no,Male,24,Sameer Mishra,77.065649,14.532122
515775,Anantapur,Andhra Pradesh,no,Male,23,Vihaan Pillai,77.516304,14.993504
515767,Anantapur,Andhra Pradesh,no,Male,25,Pradeep Meena,76.956994,14.421831
515661,Anantapur,Andhra Pradesh,no,Male,19,Irfan Kumar,77.766278,14.513484
515001,Anantapur,Andhra Pradesh,no,Male,23,Vivek Sharma,77.600479,14.681005
515767,Anantapur,Andhra Pradesh,no,Female,21,Lakshmi Gopal,76.955665,14.422981
515002,Anantapur,Andhra Pradesh,no,Male,24,Akhil Sharma,77.537724,14.648181
515001,Anantapur,Andhra Pradesh,no,Female,25,Pooja Singh,77.597956,14.676645
515741,Anantapur,Andhra Pradesh,no,Male,21,Rakesh Gopal,77.236621,14.700866
515002,Anantapur,Andhra Pradesh,no,Male,23,Suresh Shetty,77.537254,14.646896
515661,Anantapur,Andhra Pradesh,no,Male,21,Ravi Iyer,77.764713,14.515564
515775,Anantapur,Andhra Pradesh,no,Male,22,Pradeep Shetty,77.513696,14.996687
515631,Anantapur,Andhra Pradesh,no,Female,21,Preeti Joshi,77.60144,14.589112
515455,Anantapur,Andhra Pradesh,no,Female,18,Anjali Meena,77.755203,15.085306
515661,Anantapur,Andhra Pradesh,no,Female,22,Priya Yadav,77.764784,14.513488
515775,Anantapur,Andhra Pradesh,no,Female,25,Riya Verma,77.514528,14.995434
515002,Anantapur,Andhra Pradesh,no,Male,25,Karthik Sharma,77.535889,14.645077
515631,Anantapur,Andhra Pradesh,no,Male,25,Harish Verma,77.5977,14.586359
515001,Anantapur,Andhra Pradesh,no,Female,20,Radhika Gowda,77.599799,14.67959
515002,Anantapur,Andhra Pradesh,no,Male,24,Sanjay Banerjee,77.539282,14.645898
515631,Anantapur,Andhra Pradesh,no,Female,22,Priya Gupta,77.600143,14.586203
515631,Anantapur,Andhra Pradesh,no,Male,23,Aditya Iyer,77.60077,14.587785
515763,Anantapur,Andhra Pradesh,no,Female,22,Divya Shetty,77.06718,14.535325
515002,Anantapur,Andhra Pradesh,no,Male,25,Aditya Chettiar,77.535079,14.644954
515661,Anantapur,Andhra Pradesh,no,Male,23,Sagar Mukherjee,77.768849,14.51428
515631,Anantapur,Andhra Pradesh,no,Male,19,Aditya Patel,77.600597,14.588258
515763,Anantapur,Andhra Pradesh,no,Female,22,Radhika Joshi,77.065906,14.5327
515002,Anantapur,Andhra Pradesh,no,Female,24,Sneha Nair,77.536567,14.644728
515767,Anantapur,Andhra Pradesh,no,Female,20,Kavya Sharma,76.956032,14.422124
515775,Anantapur,Andhra Pradesh,no,Female,25,Rekha Iyer,77.516725,14.992513
515775,Anantapur,Andhra Pradesh,no,Female,25,Riya Gupta,77.513463,14.993207
515661,Anantapur,Andhra Pradesh,no,Female,18,Suhani Mishra,77.764603,14.513235
515741,Anantapur,Andhra Pradesh,no,Male,24,Pradeep Das,77.239953,14.703702
515004,Anantapur,Andhra Pradesh,no,Female,25,Ritika Das,77.585077,14.703953
515002,Anantapur,Andhra Pradesh,no,Female,18,Poonam Iyer,77.535074,14.647603
515455,Anantapur,Andhra Pradesh,no,Female,22,Ananya Das,77.752803,15.083342
515775,Anantapur,Andhra Pradesh,no,Male,25,Tejas Kumar,77.513431,14.996234
515631,Anantapur,Andhra Pradesh,no,Male,24,Dinesh Rao,77.598232,14.585539
515775,Anantapur,Andhra Pradesh,no,Female,19,Rekha Verma,77.516971,14.993237
515631,Anantapur,Andhra Pradesh,no,Female,20,Radhika Patel,77.599187,14.587161
515455,Anantapur,Andhra Pradesh,no,Male,22,Aarav Banerjee,77.751929,15.084511
515741,Anantapur,Andhra Pradesh,no,Female,23,Radhika Kumar,77.238737,14.700569
515775,Anantapur,Andhra Pradesh,no,Male,25,Suresh Das,77.514078,14.995732
515001,Anantapur,Andhra Pradesh,no,Female,22,Poonam Banerjee,77.598048,14.678674
515455,Anantapur,Andhra Pradesh,no,Male,24,Pradeep Rao,77.750832,15.08084
515661,Anantapur,Andhra Pradesh,no,Male,25,Sagar Nair,77.767344,14.517324
515631,Anantapur,Andhra Pradesh,no,Female,23,Sangeeta Iyer,77.59777,14.588329
515455,Anantapur,Andhra Pradesh,no,Female,25,Diya Banerjee,77.752436,15.082882
515775,Anantapur,Andhra Pradesh,no,Female,19,Neelima Verma,77.517406,14.995992
515661,Anantapur,Andhra Pradesh,no,Female,22,Neelima Mishra,77.764781,14.517643
515661,Anantapur,Andhra Pradesh,no,Male,18,Vivaan Pandey,77.767513,14.517408
515001,Anantapur,Andhra Pradesh,no,Female,23,Lakshmi Joshi,77.59814,14.677241
515631,Anantapur,Andhra Pradesh,no,Male,19,Anand Kumar,77.601084,14.587914
515455,Anantapur,Andhra Pradesh,no,Male,24,Akhil Gopal,77.753829,15.085042
515002,Anantapur,Andhra Pradesh,no,Female,22,Diya Kumar,77.536931,14.646973
515455,Anantapur,Andhra Pradesh,no,Female,24,Aishwarya Reddy,77.755207,15.085762
515661,Anantapur,Andhra Pradesh,no,Male,24,Nikhil Mukherjee,77.767016,14.515886
515004,Anantapur,Andhra Pradesh,no,Male,18,Vivek Chatterjee,77.586044,14.705006
515631,Anantapur,Andhra Pradesh,no,Male,19,Vihaan Babu,77.60032,14.584737
515661,Anantapur,Andhra Pradesh,no,Female,23,Aarohi Pandey,77.768614,14.513391
515631,Anantapur,Andhra Pradesh,no,Female,23,Ananya Patel,77.601379,14.58475
515001,Anantapur,Andhra Pradesh,no,Female,22,Sangeeta Mishra,77.60003,14.680201
515741,Anantapur,Andhra Pradesh,no,Female,22,Rekha Meena,77.2403,14.702125
515455,Anantapur,Andhra Pradesh,no,Male,20,Krishna Pandey,77.753841,15.082831
515631,Anantapur,Andhra Pradesh,no,Male,18,Deepak Singh,77.599231,14.587512
515767,Anantapur,Andhra Pradesh,no,Female,19,Asmita Gowda,76.955143,14.422955
515002,Anantapur,Andhra Pradesh,no,Female,21,Salma Babu,77.536517,14.644905
515775,Anantapur,Andhra Pradesh,no,Male,23,Rahul Sharma,77.513553,14.992325
515767,Anantapur,Andhra Pradesh,no,Male,25,Sai Meena,76.95837,14.421461
515775,Anantapur,Andhra Pradesh,no,Female,25,Radhika Singh,77.516033,14.992492
515767,Anantapur,Andhra Pradesh,no,Male,23,Sagar Joshi,76.958405,14.421511
515455,Anantapur,Andhra Pradesh,no,Female,23,Ritika Gopal,77.753419,15.084644
515455,Anantapur,Andhra Pradesh,no,Male,21,Aarav Kumar,77.75491,15.084616
515775,Anantapur,Andhra Pradesh,no,Male,20,Vivaan Meena,77.514816,14.996552
515002,Anantapur,Andhra Pradesh,no,Female,20,Neelima Gopal,77.536267,14.648927
515741,Anantapur,Andhra Pradesh,no,Female,24,Asmita Patel,77.237331,14.702807
515002,Anantapur,Andhra Pradesh,no,Male,18,Tejas Gopal,77.535776,14.647598
515004,Anantapur,Andhra Pradesh,no,Male,19,Pranav Gopal,77.584477,14.702209
515763,Anantapur,Andhra Pradesh,no,Male,22,Vivek Pillai,77.070089,14.53618
515631,Anantapur,Andhra Pradesh,no,Female,18,Lakshmi Chettiar,77.600038,14.586927
515004,Anantapur,Andhra Pradesh,no,Female,24,Nisha Sharma,77.586311,14.704763
515002,Anantapur,Andhra Pradesh,no,Male,20,Pranav Iyer,77.536318,14.647031
515001,Anantapur,Andhra Pradesh,no,Male,25,Deepak Pandey,77.600543,14.681251
515455,Anantapur,Andhra Pradesh,no,Male,24,Rakesh Babu,77.753872,15.084487
515004,Anantapur,Andhra Pradesh,no,Female,25,Ritika Iyer,77.583341,14.704556
515455,Anantapur,Andhra Pradesh,no,Female,19,Kavya Pandey,77.755505,15.082118
515004,Anantapur,Andhra Pradesh,no,Male,20,Krishna Patel,77.582857,14.70214
515741,Anantapur,Andhra Pradesh,no,Female,22,Aarohi Singh,77.236512,14.702681
515002,Anantapur,Andhra Pradesh,no,Male,25,Sai Das,77.537467,14.646322
515631,Anantapur,Andhra Pradesh,no,Male,25,Anand Chettiar,77.597981,14.586678
515455,Anantapur,Andhra Pradesh,no,Female,20,Sangeeta Mishra,77.751729,15.084796
515767,Anantapur,Andhra Pradesh,no,Female,25,Shreya Gopal,76.956202,14.421823
515001,Anantapur,Andhra Pradesh,no,Male,24,Krishna Patel,77.602061,14.678595
515004,Anantapur,Andhra Pradesh,no,Female,20,Lakshmi Meena,77.584705,14.703695
515455,Anantapur,Andhra Pradesh,no,Male,19,Karthik Yadav,77.752781,15.083213
515002,Anantapur,Andhra Pradesh,no,Male,20,Pranav Chettiar,77.537154,14.645169
301030,Alwar,Rajasthan,no,Male,22,Suresh Das,76.724052,27.533466
301402,Alwar,Rajasthan,no,Female,21,Neha Banerjee,76.353873,27.668559
301401,Alwar,Rajasthan,no,Male,24,Pranav Iyer,76.556973,27.958307
301021,Alwar,Rajasthan,no,Female,22,Neha Gupta,76.801896,27.392037
301024,Alwar,Rajasthan,no,Female,20,Neha Gupta,76.362136,27.536656
301021,Alwar,Rajasthan,no,Male,24,Karthik Gopal,76.80615,27.389179
301027,Alwar,Rajasthan,no,Female,20,Meera Pandey,76.288515,27.185168
301001,Alwar,Rajasthan,no,Female,24,Preeti Banerjee,76.602135,27.559395
301402,Alwar,Rajasthan,no,Female,18,Shreya Pandey,76.357044,27.668162
301001,Alwar,Rajasthan,no,Female,24,Aarohi Iyer,76.60229,27.557519
301027,Alwar,Rajasthan,no,Male,20,Pradeep Pandey,76.292082,27.186252
301412,Alwar,Rajasthan,no,Male,22,Vivaan Chatterjee,76.443769,27.824965
301026,Alwar,Rajasthan,no,Male,23,Krishna Patel,76.615437,27.638247
301402,Alwar,Rajasthan,no,Male,18,Rohit Singh,76.354265,27.671414
301024,Alwar,Rajasthan,no,Male,22,Irfan Reddy,76.360254,27.539086
301001,Alwar,Rajasthan,no,Male,21,Aarav Choudhary,76.601912,27.556328
301001,Alwar,Rajasthan,no,Male,20,Krishna Reddy,76.599083,27.558187
301030,Alwar,Rajasthan,no,Male,19,Aman Choudhary,76.725944,27.534991
301030,Alwar,Rajasthan,no,Female,24,Suhani Sharma,76.722746,27.535198
301021,Alwar,Rajasthan,no,Female,18,Ananya Chatterjee,76.802966,27.388172
301402,Alwar,Rajasthan,no,Male,20,Nikhil Gowda,76.356464,27.667645
301402,Alwar,Rajasthan,no,Female,25,Lakshmi Meena,76.353395,27.671142
301401,Alwar,Rajasthan,no,Female,20,Aarohi Shetty,76.559241,27.960116
301001,Alwar,Rajasthan,no,Male,22,Harish Naidu,76.598862,27.560683
301401,Alwar,Rajasthan,no,Male,20,Sagar Gowda,76.558806,27.95867
301412,Alwar,Rajasthan,no,Male,21,Aarav Mishra,76.442184,27.829259
301401,Alwar,Rajasthan,no,Male,22,Karthik Nair,76.557182,27.961533
301026,Alwar,Rajasthan,no,Male,18,Rahul Verma,76.612556,27.640337
301027,Alwar,Rajasthan,no,Male,25,Sanjay Naidu,76.291888,27.188641
301030,Alwar,Rajasthan,no,Male,22,Vihaan Iyer,76.724105,27.532373
301030,Alwar,Rajasthan,no,Male,21,Rakesh Banerjee,76.723172,27.534162
301030,Alwar,Rajasthan,no,Male,25,Dinesh Choudhary,76.724056,27.531673
301001,Alwar,Rajasthan,no,Female,24,Fathima Iyer,76.601659,27.55877
301402,Alwar,Rajasthan,no,Female,22,Meera Shetty,76.35334,27.668903
301402,Alwar,Rajasthan,no,Male,24,Akhil Banerjee,76.356797,27.66973
301402,Alwar,Rajasthan,no,Female,25,Priya Patel,76.354389,27.667923
301021,Alwar,Rajasthan,no,Female,22,Riya Naidu,76.806041,27.389392
301024,Alwar,Rajasthan,no,Male,22,Rakesh Joshi,76.361833,27.539554
301030,Alwar,Rajasthan,no,Female,25,Lakshmi Naidu,76.724,27.533511
301401,Alwar,Rajasthan,no,Female,18,Riya Banerjee,76.555462,27.959289
301401,Alwar,Rajasthan,no,Female,23,Shreya Kumar,76.556852,27.961826
301024,Alwar,Rajasthan,no,Male,24,Deepak Chettiar,76.361371,27.53811
301021,Alwar,Rajasthan,no,Male,25,Deepak Babu,76.804015,27.389832
301402,Alwar,Rajasthan,no,Male,22,Vivaan Joshi,76.356848,27.667577
301021,Alwar,Rajasthan,no,Female,21,Pooja Rao,76.803717,27.39071
301401,Alwar,Rajasthan,no,Male,18,Pradeep Yadav,76.555325,27.961311
301026,Alwar,Rajasthan,no,Male,18,Sanjay Pandey,76.615374,27.640527
301402,Alwar,Rajasthan,no,Male,21,Arjun Meena,76.355661,27.668881
301401,Alwar,Rajasthan,no,Female,23,Nisha Shetty,76.556419,27.957018
301024,Alwar,Rajasthan,no,Female,23,Riya Verma,76.359544,27.535944
301001,Alwar,Rajasthan,no,Male,18,Pranav Choudhary,76.601222,27.556141
301021,Alwar,Rajasthan,no,Male,23,Rohit Shetty,76.801778,27.388406
301414,Alwar,Rajasthan,no,Female,20,Sneha Iyer,76.647811,27.32095
301030,Alwar,Rajasthan,no,Male,25,Vivaan Pillai,76.722505,27.535359
301401,Alwar,Rajasthan,no,Female,24,Asmita Kumar,76.558843,27.958884
301402,Alwar,Rajasthan,no,Male,21,Vihaan Mukherjee,76.355968,27.670859
301027,Alwar,Rajasthan,no,Male,18,Suresh Mukherjee,76.292832,27.189291
301024,Alwar,Rajasthan,no,Male,24,Suresh Rao,76.362636,27.536286
301414,Alwar,Rajasthan,no,Female,19,Shreya Banerjee,76.647449,27.320685
301021,Alwar,Rajasthan,no,Female,21,Aarohi Sharma,76.802538,27.388805
301401,Alwar,Rajasthan,no,Male,21,Dinesh Nair,76.555977,27.961634
301001,Alwar,Rajasthan,no,Female,18,Diya Reddy,76.601042,27.556084
301001,Alwar,Rajasthan,no,Female,22,Priya Choudhary,76.602031,27.556668
301412,Alwar,Rajasthan,no,Male,21,Tejas Sharma,76.44415,27.826473
301402,Alwar,Rajasthan,no,Female,19,Preeti Meena,76.353125,27.670472
301027,Alwar,Rajasthan,no,Male,23,Sunil Verma,76.291872,27.186337
301027,Alwar,Rajasthan,no,Female,18,Riya Gopal,76.2902,27.187236
301027,Alwar,Rajasthan,no,Male,20,Tejas Singh,76.293195,27.185792
301001,Alwar,Rajasthan,no,Male,25,Sai Singh,76.599348,27.557589
301402,Alwar,Rajasthan,no,Female,19,Poonam Shetty,76.355767,27.66972
301021,Alwar,Rajasthan,no,Female,20,Ishita Choudhary,76.805369,27.39296
301001,Alwar,Rajasthan,no,Male,20,Pradeep Gupta,76.601932,27.55882
301402,Alwar,Rajasthan,no,Female,23,Kiran Mukherjee,76.356907,27.669909
301401,Alwar,Rajasthan,no,Female,22,Saanvi Banerjee,76.55612,27.958345
301024,Alwar,Rajasthan,no,Male,18,Pradeep Verma,76.361929,27.538391
303501,Dausa,Rajasthan,no,Female,25,Rekha Iyer,76.426564,26.87907
303501,Dausa,Rajasthan,no,Male,23,Aditya Banerjee,76.425672,26.880487
303004,Dausa,Rajasthan,no,Male,21,Sai Yadav,76.337302,26.836767
303501,Dausa,Rajasthan,no,Female,23,Poonam Sharma,76.428298,26.878271
303501,Dausa,Rajasthan,no,Female,20,Fathima Gowda,76.428884,26.879214
303313,Dausa,Rajasthan,no,Female,23,Saanvi Patel,76.572474,27.047862
303501,Dausa,Rajasthan,no,Male,19,Nikhil Yadav,76.426113,26.879956
303501,Dausa,Rajasthan,no,Male,22,Rakesh Das,76.425962,26.881149
303313,Dausa,Rajasthan,no,Male,21,Sagar Iyer,76.575316,27.047317
303313,Dausa,Rajasthan,no,Male,23,Sai Rao,76.574172,27.047248
303327,Dausa,Rajasthan,no,Male,23,Rakesh Banerjee,76.583368,27.151355
303004,Dausa,Rajasthan,no,Male,20,Harish Kumar,76.336851,26.83627
303501,Dausa,Rajasthan,no,Female,19,Divya Das,76.429268,26.879869
303501,Dausa,Rajasthan,no,Male,18,Aarav Kumar,76.426447,26.882718
303501,Dausa,Rajasthan,no,Female,23,Diya Naidu,76.428891,26.879285
303327,Dausa,Rajasthan,no,Male,19,Akhil Singh,76.584135,27.150654
303303,Dausa,Rajasthan,no,Female,18,Ananya Kumar,76.337967,26.887676
303327,Dausa,Rajasthan,no,Male,24,Rahul Reddy,76.585831,27.151091
303327,Dausa,Rajasthan,no,Male,20,Aditya Singh,76.583108,27.149605
303501,Dausa,Rajasthan,no,Female,22,Meera Das,76.42682,26.880281
303313,Dausa,Rajasthan,no,Female,25,Nisha Chatterjee,76.574503,27.049892
303501,Dausa,Rajasthan,no,Male,25,Karthik Reddy,76.429054,26.882702
303501,Dausa,Rajasthan,no,Female,24,Kiran Rao,76.428088,26.879152
303303,Dausa,Rajasthan,no,Male,24,Vivek Iyer,76.334801,26.886619
303501,Dausa,Rajasthan,no,Male,24,Anand Shetty,76.429554,26.879428
625301,Madurai,Tamil Nadu,no,Male,18,Irfan Babu,78.217242,10.0704
625017,Madurai,Tamil Nadu,no,Male,22,Vivaan Mukherjee,78.112849,9.964723
625014,Madurai,Tamil Nadu,no,Female,21,Neelima Meena,78.165934,10.064545
625301,Madurai,Tamil Nadu,no,Male,24,Rohit Kumar,78.216657,10.069777
625108,Madurai,Tamil Nadu,no,Female,20,Aarohi Das,78.393841,10.086635
625104,Madurai,Tamil Nadu,no,Male,24,Ravi Mishra,78.194491,9.996323
625514,Madurai,Tamil Nadu,no,Male,21,Rahul Yadav,77.973086,9.941823
625014,Madurai,Tamil Nadu,no,Male,24,Suresh Gupta,78.162388,10.060686
625014,Madurai,Tamil Nadu,no,Female,20,Kiran Mishra,78.162335,10.061741
625104,Madurai,Tamil Nadu,no,Female,18,Shreya Naidu,78.193396,9.993184
625106,Madurai,Tamil Nadu,no,Female,18,Ritika Mishra,78.287777,10.035582
625014,Madurai,Tamil Nadu,no,Male,21,Akhil Das,78.161089,10.06125
625012,Madurai,Tamil Nadu,no,Female,22,Kiran Nair,78.119762,9.881605
625301,Madurai,Tamil Nadu,no,Male,22,Sameer Babu,78.216413,10.068598
625009,Madurai,Tamil Nadu,no,Female,19,Anjali Gowda,78.142681,9.898728
625003,Madurai,Tamil Nadu,no,Male,19,Aditya Chettiar,78.0967,9.900309
625108,Madurai,Tamil Nadu,no,Male,19,Deepak Yadav,78.394176,10.08957
625014,Madurai,Tamil Nadu,no,Female,18,Meera Shetty,78.164727,10.061983
625003,Madurai,Tamil Nadu,no,Male,22,Sagar Joshi,78.097805,9.899101
625301,Madurai,Tamil Nadu,no,Male,22,Suresh Chatterjee,78.213169,10.070444
625108,Madurai,Tamil Nadu,no,Male,20,Sameer Nair,78.398029,10.085145
625009,Madurai,Tamil Nadu,no,Male,18,Girish Pillai,78.142223,9.899734
625106,Madurai,Tamil Nadu,no,Male,19,Rakesh Rao,78.284563,10.040006
625104,Madurai,Tamil Nadu,no,Male,22,Krishna Shetty,78.191797,9.994066
625003,Madurai,Tamil Nadu,no,Male,20,Krishna Gupta,78.095078,9.900741
625514,Madurai,Tamil Nadu,no,Female,20,Aarohi Iyer,77.972829,9.943543
625514,Madurai,Tamil Nadu,no,Female,19,Riya Chatterjee,77.970043,9.941736
625514,Madurai,Tamil Nadu,no,Female,25,Aarohi Shetty,77.972752,9.944259
625017,Madurai,Tamil Nadu,no,Male,23,Ravi Mukherjee,78.11281,9.966731
625301,Madurai,Tamil Nadu,no,Female,21,Ishita Kumar,78.213987,10.068688
625108,Madurai,Tamil Nadu,no,Female,18,Shreya Reddy,78.397734,10.086572
625106,Madurai,Tamil Nadu,no,Female,21,Lakshmi Reddy,78.287678,10.035285
625003,Madurai,Tamil Nadu,no,Female,23,Aarohi Pandey,78.096832,9.897939
625514,Madurai,Tamil Nadu,no,Female,19,Neha Gopal,77.973891,9.940273
625009,Madurai,Tamil Nadu,no,Female,23,Neha Nair,78.144407,9.901258
625104,Madurai,Tamil Nadu,no,Male,25,Aarav Sharma,78.19503,9.9935
625012,Madurai,Tamil Nadu,no,Female,19,Preeti Mukherjee,78.119106,9.881303
625012,Madurai,Tamil Nadu,no,Male,21,Aman Kumar,78.12116,9.880881
625514,Madurai,Tamil Nadu,no,Male,25,Pranav Pandey,77.970064,9.943879
625104,Madurai,Tamil Nadu,no,Female,19,Aarohi Pandey,78.194621,9.993766
625108,Madurai,Tamil Nadu,no,Female,21,Diya Iyer,78.397632,10.089068
625012,Madurai,Tamil Nadu,no,Male,25,Deepak Kumar,78.118812,9.880788
625514,Madurai,Tamil Nadu,no,Female,24,Nisha Babu,77.971876,9.942066
625003,Madurai,Tamil Nadu,no,Male,20,Tejas Kumar,78.097855,9.896744
625108,Madurai,Tamil Nadu,no,Male,24,Suresh Choudhary,78.393596,10.086103
625301,Madurai,Tamil Nadu,no,Male,18,Harish Rao,78.216894,10.070486
625106,Madurai,Tamil Nadu,no,Female,24,Sneha Shetty,78.283431,10.037592
625012,Madurai,Tamil Nadu,no,Female,21,Ishita Shetty,78.117088,9.881539
625104,Madurai,Tamil Nadu,no,Female,21,Divya Pandey,78.191313,9.995399
625106,Madurai,Tamil Nadu,no,Male,19,Girish Joshi,78.285413,10.038984
625108,Madurai,Tamil Nadu,no,Male,19,Sagar Das,78.397701,10.087462
625514,Madurai,Tamil Nadu,no,Female,18,Shreya Kumar,77.970021,9.943204
625301,Madurai,Tamil Nadu,no,Female,23,Aarohi Rao,78.215507,10.067189
625003,Madurai,Tamil Nadu,no,Male,22,Rohit Shetty,78.097866,9.898553
625106,Madurai,Tamil Nadu,no,Male,22,Anand Chettiar,78.284134,10.038649
625108,Madurai,Tamil Nadu,no,Female,21,Ritika Banerjee,78.396254,10.08725
625104,Madurai,Tamil Nadu,no,Female,20,Pooja Mukherjee,78.192177,9.994878
625009,Madurai,Tamil Nadu,no,Female,23,Rekha Reddy,78.142151,9.898321
625106,Madurai,Tamil Nadu,no,Female,19,Kavya Yadav,78.283552,10.037033
625009,Madurai,Tamil Nadu,no,Female,18,Saanvi Das,78.141921,9.901396
625301,Madurai,Tamil Nadu,no,Female,21,Pooja Pillai,78.21599,10.067353
625012,Madurai,Tamil Nadu,no,Male,22,Ravi Gowda,78.118334,9.882524
625106,Madurai,Tamil Nadu,no,Female,23,Ananya Sharma,78.28568,10.039996
625514,Madurai,Tamil Nadu,no,Male,19,Vivek Verma,77.974853,9.940032
625014,Madurai,Tamil Nadu,no,Male,24,Suresh Chettiar,78.16352,10.063501
625012,Madurai,Tamil Nadu,no,Male,22,Harish Pillai,78.120456,9.884047
625003,Madurai,Tamil Nadu,no,Male,20,Sunil Choudhary,78.096038,9.900235
625017,Madurai,Tamil Nadu,no,Female,25,Kiran Choudhary,78.1145,9.965045
625017,Madurai,Tamil Nadu,no,Female,19,Nisha Chettiar,78.111159,9.968602
625012,Madurai,Tamil Nadu,no,Male,21,Ravi Shetty,78.117319,9.881554
625003,Madurai,Tamil Nadu,no,Female,20,Divya Kumar,78.094283,9.897096
625009,Madurai,Tamil Nadu,no,Female,20,Shreya Das,78.142252,9.897642
625104,Madurai,Tamil Nadu,no,Female,24,Diya Shetty,78.194609,9.996748
625104,Madurai,Tamil Nadu,no,Male,25,Sameer Rao,78.191193,9.994578
625106,Madurai,Tamil Nadu,no,Female,20,Divya Banerjee,78.283304,10.037855
625009,Madurai,Tamil Nadu,no,Female,20,Meera Nair,78.141673,9.898455
625012,Madurai,Tamil Nadu,no,Male,24,Aditya Rao,78.118627,9.883372
625301,Madurai,Tamil Nadu,no,Female,22,Suhani Shetty,78.214547,10.070374
625009,Madurai,Tamil Nadu,no,Female,25,Sangeeta Shetty,78.144165,9.900593
625301,Madurai,Tamil Nadu,no,Female,23,Rekha Chatterjee,78.213417,10.067067
625014,Madurai,Tamil Nadu,no,Female,21,Pooja Das,78.163231,10.062518
625514,Madurai,Tamil Nadu,no,Female,25,Pooja Kumar,77.970536,9.940065
625106,Madurai,Tamil Nadu,no,Male,21,Aman Pillai,78.287006,10.037556
625106,Madurai,Tamil Nadu,no,Male,23,Sunil Banerjee,78.283423,10.038051
625104,Madurai,Tamil Nadu,no,Female,18,Nisha Das,78.192933,9.992585
625301,Madurai,Tamil Nadu,no,Male,19,Tejas Pillai,78.213892,10.066309
625301,Madurai,Tamil Nadu,no,Male,19,Sanjay Mukherjee,78.217249,10.068932
625301,Madurai,Tamil Nadu,no,Male,24,Aditya Nair,78.215304,10.070043
625106,Madurai,Tamil Nadu,no,Male,24,Akhil Gowda,78.286192,10.037227
625012,Madurai,Tamil Nadu,no,Male,21,Karthik Sharma,78.117425,9.885242
625017,Madurai,Tamil Nadu,no,Female,21,Nisha Verma,78.113321,9.968433
625014,Madurai,Tamil Nadu,no,Female,20,Kiran Shetty,78.164139,10.064269
625106,Madurai,Tamil Nadu,no,Male,19,Aarav Yadav,78.28613,10.038697
625301,Madurai,Tamil Nadu,no,Male,18,Girish Mishra,78.214982,10.070797
625009,Madurai,Tamil Nadu,no,Male,20,Pranav Das,78.141506,9.900077
625017,Madurai,Tamil Nadu,no,Male,25,Sameer Mukherjee,78.109763,9.968234
625014,Madurai,Tamil Nadu,no,Female,18,Kavya Shetty,78.165956,10.061772
625012,Madurai,Tamil Nadu,no,Male,24,Sunil Reddy,78.119406,9.882692
625108,Madurai,Tamil Nadu,no,Male,24,Pradeep Pandey,78.395237,10.089426
625104,Madurai,Tamil Nadu,no,Male,25,Pranav Pandey,78.191324,9.996052
625104,Madurai,Tamil Nadu,no,Male,21,Sunil Shetty,78.190741,9.995732
625003,Madurai,Tamil Nadu,no,Male,21,Pradeep Patel,78.09467,9.899888
625003,Madurai,Tamil Nadu,no,Male,25,Sameer Gopal,78.097977,9.898415
625003,Madurai,Tamil Nadu,no,Male,18,Pradeep Choudhary,78.098558,9.900797
625017,Madurai,Tamil Nadu,no,Female,23,Nisha Babu,78.110379,9.967822
625003,Madurai,Tamil Nadu,no,Female,18,Suhani Iyer,78.097585,9.89823
625106,Madurai,Tamil Nadu,no,Female,24,Radhika Naidu,78.283702,10.037863
625014,Madurai,Tamil Nadu,no,Female,20,Shreya Chettiar,78.164853,10.063176
625014,Madurai,Tamil Nadu,no,Male,21,Sameer Sharma,78.165837,10.061322
625003,Madurai,Tamil Nadu,no,Female,20,Salma Choudhary,78.095059,9.899384
625017,Madurai,Tamil Nadu,no,Male,20,Anand Iyer,78.113323,9.968514
625301,Madurai,Tamil Nadu,no,Female,20,Poonam Chatterjee,78.214844,10.071005
625108,Madurai,Tamil Nadu,no,Female,19,Sangeeta Shetty,78.396157,10.089657
625108,Madurai,Tamil Nadu,no,Male,18,Krishna Banerjee,78.39357,10.088656
625012,Madurai,Tamil Nadu,no,Male,21,Aman Chatterjee,78.118565,9.883645
625017,Madurai,Tamil Nadu,no,Female,23,Rekha Joshi,78.112374,9.967998
625108,Madurai,Tamil Nadu,no,Female,24,Rekha Shetty,78.393237,10.088531
625514,Madurai,Tamil Nadu,no,Male,22,Tejas Kumar,77.972067,9.939594
625014,Madurai,Tamil Nadu,no,Male,24,Vihaan Kumar,78.165422,10.062925
625003,Madurai,Tamil Nadu,no,Male,21,Aman Nair,78.095436,9.900832
625108,Madurai,Tamil Nadu,no,Male,24,Pranav Banerjee,78.395033,10.086074
625106,Madurai,Tamil Nadu,no,Female,24,Asmita Mukherjee,78.283133,10.038188
625514,Madurai,Tamil Nadu,no,Male,24,Anand Sharma,77.971596,9.941225
625104,Madurai,Tamil Nadu,no,Female,24,Fathima Shetty,78.194306,9.995881
625301,Madurai,Tamil Nadu,no,Female,21,Riya Yadav,78.216535,10.068192
625108,Madurai,Tamil Nadu,no,Female,25,Saanvi Kumar,78.39522,10.089601
625012,Madurai,Tamil Nadu,no,Female,22,Nisha Gowda,78.117507,9.884348
625104,Madurai,Tamil Nadu,no,Male,23,Akhil Pandey,78.194944,9.996816
625301,Madurai,Tamil Nadu,no,Female,23,Suhani Mukherjee,78.217874,10.067096
625009,Madurai,Tamil Nadu,no,Female,19,Aarohi Rao,78.143139,9.898666
625012,Madurai,Tamil Nadu,no,Male,21,Sanjay Chettiar,78.1185,9.883374
625017,Madurai,Tamil Nadu,no,Female,23,Suhani Reddy,78.11102,9.96827
625014,Madurai,Tamil Nadu,no,Female,24,Meera Mishra,78.165761,10.064104
625009,Madurai,Tamil Nadu,no,Female,20,Shreya Gowda,78.143688,9.900051
625014,Madurai,Tamil Nadu,no,Female,18,Ananya Kumar,78.164748,10.065144
625106,Madurai,Tamil Nadu,no,Female,21,Ishita Mishra,78.286226,10.038308
625009,Madurai,Tamil Nadu,no,Male,23,Sai Nair,78.14196,9.897965
625106,Madurai,Tamil Nadu,no,Female,20,Shreya Shetty,78.284656,10.037865
625108,Madurai,Tamil Nadu,no,Male,25,Vivek Pillai,78.39637,10.088925
625301,Madurai,Tamil Nadu,no,Female,23,Aarohi Pandey,78.214147,10.066451
625003,Madurai,Tamil Nadu,no,Male,22,Rohit Yadav,78.097197,9.900811
625014,Madurai,Tamil Nadu,no,Male,20,Nikhil Das,78.16232,10.060363
625017,Madurai,Tamil Nadu,no,Female,20,Neha Reddy,78.109932,9.966832
625014,Madurai,Tamil Nadu,no,Male,19,Deepak Das,78.164758,10.062162
625012,Madurai,Tamil Nadu,no,Male,23,Vihaan Nair,78.118687,9.881086
625514,Madurai,Tamil Nadu,no,Male,25,Rahul Reddy,77.971392,9.943997
625106,Madurai,Tamil Nadu,no,Female,21,Radhika Chatterjee,78.284996,10.036676
625301,Madurai,Tamil Nadu,no,Male,25,Krishna Banerjee,78.217599,10.070454
625104,Madurai,Tamil Nadu,no,Male,19,Pradeep Shetty,78.193863,9.992685
625009,Madurai,Tamil Nadu,no,Female,25,Radhika Sharma,78.140595,9.901156
625014,Madurai,Tamil Nadu,no,Female,20,Rekha Rao,78.164054,10.063064
625017,Madurai,Tamil Nadu,no,Male,25,Dinesh Gowda,78.110345,9.967313
625014,Madurai,Tamil Nadu,no,Male,18,Rohit Verma,78.165265,10.064519
625514,Madurai,Tamil Nadu,no,Male,25,Pradeep Patel,77.972496,9.94015
625108,Madurai,Tamil Nadu,no,Male,22,Ravi Naidu,78.393563,10.08577
625108,Madurai,Tamil Nadu,no,Male,21,Deepak Reddy,78.397316,10.088935
625514,Madurai,Tamil Nadu,no,Male,19,Rahul Rao,77.972823,9.940346
625009,Madurai,Tamil Nadu,no,Male,20,Aditya Nair,78.144271,9.901118
625104,Madurai,Tamil Nadu,no,Male,25,Vivaan Gowda,78.190981,9.994885
625108,Madurai,Tamil Nadu,no,Female,22,Pooja Kumar,78.394405,10.087906
625012,Madurai,Tamil Nadu,no,Male,18,Deepak Babu,78.120683,9.883607
625514,Madurai,Tamil Nadu,no,Male,20,Suresh Iyer,77.973215,9.941232
625012,Madurai,Tamil Nadu,no,Female,22,Nisha Sharma,78.119867,9.881714
625017,Madurai,Tamil Nadu,no,Male,18,Aarav Naidu,78.111712,9.967437
625003,Madurai,Tamil Nadu,no,Female,23,Neha Joshi,78.097317,9.90132
625301,Madurai,Tamil Nadu,no,Female,25,Radhika Babu,78.216077,10.070264
625017,Madurai,Tamil Nadu,no,Female,25,Aishwarya Pillai,78.112789,9.963774
625514,Madurai,Tamil Nadu,no,Male,18,Deepak Iyer,77.97364,9.94013
625003,Madurai,Tamil Nadu,no,Male,21,Aman Yadav,78.095537,9.898555
625012,Madurai,Tamil Nadu,no,Female,23,Fathima Das,78.120103,9.880577
625012,Madurai,Tamil Nadu,no,Female,24,Fathima Babu,78.117511,9.884916
625009,Madurai,Tamil Nadu,no,Female,18,Lakshmi Gopal,78.142494,9.900718
625014,Madurai,Tamil Nadu,no,Male,18,Vihaan Babu,78.1613,10.062199
625009,Madurai,Tamil Nadu,no,Male,21,Aditya Mukherjee,78.139835,9.899736
625301,Madurai,Tamil Nadu,no,Female,21,Radhika Patel,78.217685,10.069581
